FECHA;CANTIDAD
15/11/2006;66
16/11/2006;59
17/11/2006;83
18/11/2006;61
20/11/2006;62
21/11/2006;59
22/11/2006;47
23/11/2006;71
24/11/2006;63
25/11/2006;51
27/11/2006;52
28/11/2006;51
29/11/2006;79
30/11/2006;61
01/12/2006;61
02/12/2006;51
04/12/2006;82
05/12/2006;120
06/12/2006;65
07/12/2006;75
08/12/2006;51
09/12/2006;65
11/12/2006;72
12/12/2006;75
13/12/2006;74
14/12/2006;98
15/12/2006;83
16/12/2006;52
18/12/2006;69
19/12/2006;86
20/12/2006;66
21/12/2006;82
22/12/2006;56
23/12/2006;63
26/12/2006;77
27/12/2006;81
28/12/2006;56
29/12/2006;61
30/12/2006;26
02/01/2007;43
03/01/2007;59
04/01/2007;49
05/01/2007;80
06/01/2007;47
08/01/2007;61
09/01/2007;98
10/01/2007;77
11/01/2007;85
12/01/2007;76
13/01/2007;46
15/01/2007;58
16/01/2007;70
17/01/2007;70
18/01/2007;62
19/01/2007;67
20/01/2007;52
22/01/2007;63
23/01/2007;58
24/01/2007;50
25/01/2007;38
26/01/2007;59
27/01/2007;58
29/01/2007;77
30/01/2007;57
31/01/2007;56
01/02/2007;77
02/02/2007;72
03/02/2007;42
05/02/2007;69
06/02/2007;74
07/02/2007;80
08/02/2007;60
09/02/2007;58
10/02/2007;48
12/02/2007;62
13/02/2007;41
14/02/2007;47
15/02/2007;52
16/02/2007;68
17/02/2007;46
21/02/2007;67
22/02/2007;54
23/02/2007;57
24/02/2007;47
26/02/2007;57
27/02/2007;62
28/02/2007;63
01/03/2007;63
02/03/2007;75
03/03/2007;32
05/03/2007;40
06/03/2007;60
07/03/2007;67
08/03/2007;66
09/03/2007;60
10/03/2007;41
12/03/2007;57
13/03/2007;53
14/03/2007;77
15/03/2007;57
16/03/2007;59
17/03/2007;60
19/03/2007;64
20/03/2007;65
21/03/2007;66
22/03/2007;76
23/03/2007;64
24/03/2007;34
26/03/2007;90
27/03/2007;64
28/03/2007;68
29/03/2007;65
30/03/2007;42
31/03/2007;58
02/04/2007;57
03/04/2007;64
04/04/2007;45
05/04/2007;64
07/04/2007;53
09/04/2007;44
10/04/2007;56
11/04/2007;42
12/04/2007;46
13/04/2007;50
14/04/2007;47
16/04/2007;70
17/04/2007;77
18/04/2007;54
19/04/2007;48
20/04/2007;57
21/04/2007;49
23/04/2007;76
24/04/2007;66
25/04/2007;51
26/04/2007;54
27/04/2007;46
28/04/2007;42
30/04/2007;72
01/05/2007;26
02/05/2007;74
03/05/2007;60
04/05/2007;51
05/05/2007;60
07/05/2007;78
08/05/2007;69
09/05/2007;78
10/05/2007;68
11/05/2007;62
12/05/2007;29
14/05/2007;51
15/05/2007;56
16/05/2007;56
17/05/2007;44
18/05/2007;44
19/05/2007;58
21/05/2007;70
22/05/2007;49
23/05/2007;60
24/05/2007;72
25/05/2007;35
26/05/2007;46
28/05/2007;56
29/05/2007;55
30/05/2007;49
31/05/2007;49
01/06/2007;62
02/06/2007;59
04/06/2007;54
05/06/2007;86
06/06/2007;65
07/06/2007;43
08/06/2007;53
09/06/2007;57
11/06/2007;72
12/06/2007;82
13/06/2007;47
14/06/2007;44
15/06/2007;58
16/06/2007;36
18/06/2007;76
19/06/2007;58
20/06/2007;60
21/06/2007;61
22/06/2007;39
23/06/2007;45
25/06/2007;77
26/06/2007;56
27/06/2007;47
28/06/2007;57
29/06/2007;63
30/06/2007;42
02/07/2007;52
03/07/2007;52
04/07/2007;57
05/07/2007;64
06/07/2007;64
07/07/2007;56
09/07/2007;66
10/07/2007;55
11/07/2007;76
12/07/2007;61
13/07/2007;50
14/07/2007;50
16/07/2007;69
17/07/2007;72
18/07/2007;78
19/07/2007;67
20/07/2007;57
21/07/2007;45
23/07/2007;74
24/07/2007;57
25/07/2007;22
26/07/2007;73
27/07/2007;44
28/07/2007;50
30/07/2007;69
31/07/2007;74
01/08/2007;43
02/08/2007;61
03/08/2007;63
04/08/2007;54
06/08/2007;73
07/08/2007;77
08/08/2007;75
09/08/2007;50
10/08/2007;45
11/08/2007;30
13/08/2007;60
14/08/2007;58
15/08/2007;65
16/08/2007;71
17/08/2007;51
18/08/2007;65
20/08/2007;44
21/08/2007;78
22/08/2007;79
23/08/2007;68
24/08/2007;51
25/08/2007;35
27/08/2007;65
28/08/2007;62
29/08/2007;90
30/08/2007;56
31/08/2007;55
01/09/2007;57
03/09/2007;65
04/09/2007;59
05/09/2007;49
06/09/2007;76
07/09/2007;56
08/09/2007;54
10/09/2007;63
11/09/2007;87
12/09/2007;56
13/09/2007;86
14/09/2007;59
15/09/2007;43
17/09/2007;70
18/09/2007;75
19/09/2007;51
20/09/2007;89
21/09/2007;66
22/09/2007;37
24/09/2007;70
25/09/2007;63
26/09/2007;60
27/09/2007;79
28/09/2007;64
29/09/2007;49
01/10/2007;71
02/10/2007;65
03/10/2007;82
04/10/2007;88
05/10/2007;74
06/10/2007;55
08/10/2007;85
09/10/2007;99
10/10/2007;78
11/10/2007;81
12/10/2007;41
13/10/2007;51
15/10/2007;92
16/10/2007;80
17/10/2007;70
18/10/2007;62
19/10/2007;79
20/10/2007;60
22/10/2007;87
23/10/2007;95
24/10/2007;87
25/10/2007;63
26/10/2007;81
27/10/2007;64
29/10/2007;88
30/10/2007;62
31/10/2007;82
01/11/2007;75
03/11/2007;32
05/11/2007;60
06/11/2007;66
07/11/2007;96
08/11/2007;101
09/11/2007;62
10/11/2007;62
12/11/2007;87
13/11/2007;69
14/11/2007;86
15/11/2007;86
16/11/2007;78
17/11/2007;76
19/11/2007;94
20/11/2007;93
21/11/2007;83
22/11/2007;80
23/11/2007;77
24/11/2007;84
26/11/2007;75
27/11/2007;88
28/11/2007;72
29/11/2007;67
30/11/2007;91
01/12/2007;92
03/12/2007;94
04/12/2007;101
05/12/2007;94
06/12/2007;95
07/12/2007;106
08/12/2007;82
10/12/2007;95
11/12/2007;79
12/12/2007;96
13/12/2007;72
14/12/2007;101
15/12/2007;74
17/12/2007;97
18/12/2007;90
19/12/2007;79
20/12/2007;105
21/12/2007;68
22/12/2007;80
24/12/2007;45
26/12/2007;74
27/12/2007;73
28/12/2007;85
29/12/2007;57
31/12/2007;26
02/01/2008;72
03/01/2008;106
04/01/2008;105
05/01/2008;104
07/01/2008;103
08/01/2008;99
09/01/2008;125
10/01/2008;130
11/01/2008;108
12/01/2008;82
14/01/2008;117
15/01/2008;76
16/01/2008;96
17/01/2008;82
18/01/2008;52
19/01/2008;53
21/01/2008;88
22/01/2008;69
23/01/2008;69
24/01/2008;69
25/01/2008;66
26/01/2008;69
28/01/2008;76
29/01/2008;66
30/01/2008;90
31/01/2008;92
01/02/2008;64
02/02/2008;63
06/02/2008;95
07/02/2008;78
08/02/2008;85
09/02/2008;82
11/02/2008;97
12/02/2008;66
13/02/2008;60
14/02/2008;74
15/02/2008;61
16/02/2008;53
18/02/2008;87
19/02/2008;69
20/02/2008;86
21/02/2008;75
22/02/2008;78
23/02/2008;42
25/02/2008;43
26/02/2008;94
27/02/2008;74
28/02/2008;68
29/02/2008;70
01/03/2008;46
03/03/2008;50
04/03/2008;78
05/03/2008;82
06/03/2008;75
07/03/2008;88
08/03/2008;85
10/03/2008;64
11/03/2008;84
12/03/2008;108
13/03/2008;82
14/03/2008;89
15/03/2008;72
17/03/2008;104
18/03/2008;80
19/03/2008;86
20/03/2008;66
22/03/2008;52
24/03/2008;94
25/03/2008;98
26/03/2008;65
27/03/2008;93
28/03/2008;65
29/03/2008;46
31/03/2008;69
01/04/2008;68
02/04/2008;78
03/04/2008;95
04/04/2008;74
05/04/2008;52
07/04/2008;69
08/04/2008;61
09/04/2008;60
10/04/2008;70
11/04/2008;93
12/04/2008;49
14/04/2008;98
15/04/2008;90
16/04/2008;89
17/04/2008;81
18/04/2008;88
19/04/2008;55
21/04/2008;75
22/04/2008;90
23/04/2008;66
24/04/2008;76
25/04/2008;77
26/04/2008;57
28/04/2008;80
29/04/2008;55
30/04/2008;71
01/05/2008;51
02/05/2008;45
03/05/2008;36
05/05/2008;71
06/05/2008;79
07/05/2008;80
08/05/2008;75
09/05/2008;55
10/05/2008;32
12/05/2008;67
13/05/2008;104
14/05/2008;84
15/05/2008;58
16/05/2008;71
17/05/2008;51
19/05/2008;64
20/05/2008;86
21/05/2008;86
22/05/2008;78
23/05/2008;64
24/05/2008;50
26/05/2008;50
27/05/2008;53
28/05/2008;52
29/05/2008;50
30/05/2008;46
31/05/2008;56
02/06/2008;73
03/06/2008;66
04/06/2008;86
05/06/2008;57
06/06/2008;65
07/06/2008;47
09/06/2008;77
10/06/2008;86
11/06/2008;71
12/06/2008;46
13/06/2008;64
14/06/2008;40
16/06/2008;57
17/06/2008;63
18/06/2008;47
19/06/2008;60
20/06/2008;48
21/06/2008;68
23/06/2008;84
24/06/2008;83
25/06/2008;58
26/06/2008;68
27/06/2008;62
28/06/2008;58
30/06/2008;51
01/07/2008;81
02/07/2008;66
03/07/2008;60
04/07/2008;71
05/07/2008;40
07/07/2008;56
08/07/2008;64
09/07/2008;47
10/07/2008;71
11/07/2008;69
12/07/2008;46
14/07/2008;66
15/07/2008;80
16/07/2008;51
17/07/2008;68
18/07/2008;74
19/07/2008;66
21/07/2008;67
22/07/2008;75
23/07/2008;80
24/07/2008;70
25/07/2008;27
26/07/2008;32
28/07/2008;57
29/07/2008;70
30/07/2008;54
31/07/2008;48
01/08/2008;56
02/08/2008;55
04/08/2008;51
05/08/2008;70
06/08/2008;48
07/08/2008;45
08/08/2008;58
09/08/2008;51
11/08/2008;98
12/08/2008;61
13/08/2008;61
14/08/2008;78
15/08/2008;59
16/08/2008;39
18/08/2008;81
19/08/2008;70
20/08/2008;57
21/08/2008;69
22/08/2008;79
23/08/2008;49
25/08/2008;70
26/08/2008;59
27/08/2008;84
28/08/2008;57
29/08/2008;77
30/08/2008;49
01/09/2008;77
02/09/2008;78
03/09/2008;48
04/09/2008;79
05/09/2008;60
06/09/2008;44
08/09/2008;65
09/09/2008;72
10/09/2008;84
11/09/2008;57
12/09/2008;72
13/09/2008;52
15/09/2008;82
16/09/2008;69
17/09/2008;81
18/09/2008;61
19/09/2008;53
20/09/2008;45
22/09/2008;73
23/09/2008;93
24/09/2008;77
25/09/2008;59
26/09/2008;56
27/09/2008;40
29/09/2008;77
30/09/2008;63
01/10/2008;56
02/10/2008;70
03/10/2008;74
04/10/2008;50
06/10/2008;74
07/10/2008;93
08/10/2008;61
09/10/2008;80
10/10/2008;42
11/10/2008;49
13/10/2008;78
14/10/2008;70
15/10/2008;61
16/10/2008;65
17/10/2008;60
18/10/2008;47
20/10/2008;83
21/10/2008;70
22/10/2008;77
23/10/2008;76
24/10/2008;71
25/10/2008;49
27/10/2008;84
28/10/2008;82
29/10/2008;84
30/10/2008;63
31/10/2008;73
01/11/2008;52
03/11/2008;32
04/11/2008;84
05/11/2008;66
06/11/2008;68
07/11/2008;71
08/11/2008;57
10/11/2008;94
11/11/2008;100
12/11/2008;76
13/11/2008;57
14/11/2008;89
15/11/2008;53
17/11/2008;78
18/11/2008;81
19/11/2008;58
20/11/2008;80
21/11/2008;56
22/11/2008;67
24/11/2008;75
25/11/2008;91
26/11/2008;76
27/11/2008;60
28/11/2008;85
29/11/2008;44
01/12/2008;98
02/12/2008;91
03/12/2008;82
04/12/2008;86
05/12/2008;89
06/12/2008;88
08/12/2008;67
09/12/2008;85
10/12/2008;76
11/12/2008;78
12/12/2008;83
13/12/2008;68
15/12/2008;99
16/12/2008;86
17/12/2008;73
18/12/2008;79
19/12/2008;67
20/12/2008;46
22/12/2008;78
23/12/2008;98
24/12/2008;45
26/12/2008;86
27/12/2008;66
29/12/2008;76
30/12/2008;58
31/12/2008;34
02/01/2009;36
03/01/2009;45
05/01/2009;100
06/01/2009;89
07/01/2009;83
08/01/2009;105
09/01/2009;73
10/01/2009;87
12/01/2009;93
13/01/2009;100
14/01/2009;92
15/01/2009;82
16/01/2009;82
17/01/2009;82
19/01/2009;129
20/01/2009;86
21/01/2009;95
22/01/2009;86
23/01/2009;96
24/01/2009;71
26/01/2009;76
27/01/2009;71
28/01/2009;85
29/01/2009;69
30/01/2009;71
31/01/2009;90
02/02/2009;88
03/02/2009;78
04/02/2009;89
05/02/2009;73
06/02/2009;71
07/02/2009;60
09/02/2009;89
10/02/2009;57
11/02/2009;72
12/02/2009;85
13/02/2009;76
14/02/2009;53
16/02/2009;63
17/02/2009;78
18/02/2009;78
19/02/2009;60
20/02/2009;73
21/02/2009;71
25/02/2009;67
26/02/2009;46
27/02/2009;59
28/02/2009;71
02/03/2009;70
03/03/2009;94
04/03/2009;97
05/03/2009;72
06/03/2009;88
07/03/2009;63
09/03/2009;70
10/03/2009;73
11/03/2009;85
12/03/2009;75
13/03/2009;80
14/03/2009;61
16/03/2009;64
17/03/2009;93
18/03/2009;70
19/03/2009;85
20/03/2009;75
21/03/2009;72
23/03/2009;72
24/03/2009;93
25/03/2009;92
26/03/2009;82
27/03/2009;65
28/03/2009;56
30/03/2009;77
31/03/2009;69
01/04/2009;57
02/04/2009;67
03/04/2009;58
04/04/2009;58
06/04/2009;92
07/04/2009;55
08/04/2009;91
09/04/2009;63
11/04/2009;63
13/04/2009;102
14/04/2009;91
15/04/2009;98
16/04/2009;91
17/04/2009;75
18/04/2009;73
20/04/2009;105
21/04/2009;79
22/04/2009;96
23/04/2009;73
24/04/2009;83
25/04/2009;75
27/04/2009;72
28/04/2009;97
29/04/2009;81
30/04/2009;86
01/05/2009;58
02/05/2009;80
04/05/2009;101
05/05/2009;74
06/05/2009;65
07/05/2009;78
08/05/2009;65
09/05/2009;51
11/05/2009;89
12/05/2009;88
13/05/2009;105
14/05/2009;68
15/05/2009;73
16/05/2009;90
18/05/2009;93
19/05/2009;88
20/05/2009;65
21/05/2009;76
22/05/2009;73
23/05/2009;64
25/05/2009;97
26/05/2009;65
27/05/2009;91
28/05/2009;95
29/05/2009;93
30/05/2009;62
01/06/2009;82
02/06/2009;88
03/06/2009;88
04/06/2009;76
05/06/2009;89
06/06/2009;63
08/06/2009;97
09/06/2009;101
10/06/2009;79
11/06/2009;80
12/06/2009;65
13/06/2009;72
15/06/2009;82
16/06/2009;70
17/06/2009;79
18/06/2009;76
19/06/2009;84
20/06/2009;51
22/06/2009;88
23/06/2009;68
24/06/2009;87
25/06/2009;106
26/06/2009;75
27/06/2009;54
29/06/2009;85
30/06/2009;91
01/07/2009;98
02/07/2009;68
03/07/2009;81
04/07/2009;69
06/07/2009;72
07/07/2009;84
08/07/2009;86
09/07/2009;68
10/07/2009;101
11/07/2009;75
13/07/2009;85
14/07/2009;91
15/07/2009;95
16/07/2009;91
17/07/2009;82
18/07/2009;53
20/07/2009;86
21/07/2009;87
22/07/2009;64
23/07/2009;75
24/07/2009;93
25/07/2009;57
27/07/2009;76
28/07/2009;87
29/07/2009;92
30/07/2009;80
31/07/2009;66
01/08/2009;70
03/08/2009;90
04/08/2009;94
05/08/2009;64
06/08/2009;58
07/08/2009;55
08/08/2009;89
10/08/2009;28
11/08/2009;83
12/08/2009;74
13/08/2009;76
14/08/2009;53
15/08/2009;75
17/08/2009;92
18/08/2009;107
19/08/2009;90
20/08/2009;55
21/08/2009;88
22/08/2009;81
24/08/2009;72
25/08/2009;68
26/08/2009;83
27/08/2009;69
28/08/2009;85
29/08/2009;60
31/08/2009;84
01/09/2009;86
02/09/2009;102
03/09/2009;116
04/09/2009;76
05/09/2009;54
07/09/2009;106
08/09/2009;103
09/09/2009;62
10/09/2009;103
11/09/2009;76
12/09/2009;76
14/09/2009;97
15/09/2009;75
16/09/2009;81
17/09/2009;87
18/09/2009;79
19/09/2009;65
21/09/2009;133
22/09/2009;105
23/09/2009;107
24/09/2009;99
25/09/2009;68
26/09/2009;59
28/09/2009;96
29/09/2009;99
30/09/2009;89
01/10/2009;88
02/10/2009;89
03/10/2009;99
05/10/2009;104
06/10/2009;110
07/10/2009;107
08/10/2009;93
09/10/2009;69
10/10/2009;68
12/10/2009;91
13/10/2009;116
14/10/2009;108
15/10/2009;78
16/10/2009;81
17/10/2009;69
19/10/2009;128
20/10/2009;134
21/10/2009;106
22/10/2009;94
23/10/2009;102
24/10/2009;84
26/10/2009;98
27/10/2009;93
28/10/2009;81
29/10/2009;76
30/10/2009;96
31/10/2009;121
03/11/2009;44
04/11/2009;106
05/11/2009;124
06/11/2009;116
07/11/2009;113
09/11/2009;104
10/11/2009;94
11/11/2009;127
12/11/2009;138
13/11/2009;82
14/11/2009;86
16/11/2009;104
17/11/2009;102
18/11/2009;110
19/11/2009;64
20/11/2009;87
21/11/2009;94
23/11/2009;112
24/11/2009;110
25/11/2009;91
26/11/2009;99
27/11/2009;83
28/11/2009;86
30/11/2009;86
01/12/2009;84
02/12/2009;99
03/12/2009;85
04/12/2009;89
05/12/2009;84
06/12/2009;1
07/12/2009;110
08/12/2009;111
09/12/2009;98
10/12/2009;106
11/12/2009;118
12/12/2009;91
14/12/2009;120
15/12/2009;129
16/12/2009;128
17/12/2009;109
18/12/2009;91
19/12/2009;97
21/12/2009;107
22/12/2009;97
23/12/2009;93
24/12/2009;45
26/12/2009;67
28/12/2009;114
29/12/2009;86
30/12/2009;98
31/12/2009;34
02/01/2010;27
04/01/2010;94
05/01/2010;96
06/01/2010;107
07/01/2010;102
08/01/2010;90
09/01/2010;115
11/01/2010;129
12/01/2010;133
13/01/2010;145
14/01/2010;113
15/01/2010;114
16/01/2010;74
18/01/2010;119
19/01/2010;118
20/01/2010;102
21/01/2010;91
22/01/2010;87
23/01/2010;68
25/01/2010;108
26/01/2010;100
27/01/2010;110
28/01/2010;128
29/01/2010;93
30/01/2010;75
01/02/2010;73
02/02/2010;95
03/02/2010;98
04/02/2010;78
05/02/2010;76
06/02/2010;72
08/02/2010;96
09/02/2010;120
10/02/2010;100
11/02/2010;76
12/02/2010;91
13/02/2010;91
17/02/2010;102
18/02/2010;85
19/02/2010;95
20/02/2010;74
22/02/2010;104
23/02/2010;110
24/02/2010;76
25/02/2010;88
26/02/2010;82
27/02/2010;71
01/03/2010;101
02/03/2010;97
03/03/2010;105
04/03/2010;61
05/03/2010;72
06/03/2010;91
08/03/2010;80
09/03/2010;107
10/03/2010;82
11/03/2010;88
12/03/2010;66
13/03/2010;54
15/03/2010;78
16/03/2010;132
17/03/2010;80
18/03/2010;85
19/03/2010;62
20/03/2010;75
22/03/2010;89
23/03/2010;83
24/03/2010;100
25/03/2010;89
26/03/2010;82
27/03/2010;63
29/03/2010;88
30/03/2010;73
31/03/2010;83
01/04/2010;65
03/04/2010;41
05/04/2010;105
06/04/2010;68
07/04/2010;89
08/04/2010;88
09/04/2010;99
10/04/2010;75
12/04/2010;106
13/04/2010;88
14/04/2010;112
15/04/2010;81
16/04/2010;97
17/04/2010;81
19/04/2010;93
20/04/2010;101
21/04/2010;79
22/04/2010;79
23/04/2010;91
24/04/2010;94
26/04/2010;108
27/04/2010;89
28/04/2010;80
29/04/2010;97
30/04/2010;75
01/05/2010;71
03/05/2010;101
04/05/2010;94
05/05/2010;104
06/05/2010;55
07/05/2010;86
08/05/2010;50
10/05/2010;74
11/05/2010;79
12/05/2010;104
13/05/2010;84
14/05/2010;86
15/05/2010;62
17/05/2010;99
18/05/2010;106
19/05/2010;79
20/05/2010;80
21/05/2010;98
22/05/2010;53
24/05/2010;30
25/05/2010;99
26/05/2010;77
27/05/2010;64
28/05/2010;75
29/05/2010;55
31/05/2010;66
01/06/2010;82
02/06/2010;75
03/06/2010;66
04/06/2010;82
05/06/2010;52
07/06/2010;81
08/06/2010;78
09/06/2010;97
10/06/2010;76
11/06/2010;99
12/06/2010;77
14/06/2010;98
15/06/2010;85
16/06/2010;72
17/06/2010;78
18/06/2010;73
19/06/2010;52
21/06/2010;87
22/06/2010;91
23/06/2010;86
24/06/2010;97
25/06/2010;62
26/06/2010;71
28/06/2010;88
29/06/2010;86
30/06/2010;63
01/07/2010;71
02/07/2010;82
03/07/2010;48
05/07/2010;127
06/07/2010;84
07/07/2010;68
08/07/2010;80
09/07/2010;53
10/07/2010;72
12/07/2010;84
13/07/2010;85
14/07/2010;104
15/07/2010;84
16/07/2010;76
17/07/2010;66
19/07/2010;100
20/07/2010;98
21/07/2010;104
22/07/2010;111
23/07/2010;81
24/07/2010;66
26/07/2010;96
27/07/2010;90
28/07/2010;94
29/07/2010;91
30/07/2010;58
31/07/2010;81
02/08/2010;113
03/08/2010;84
04/08/2010;106
05/08/2010;87
06/08/2010;75
07/08/2010;72
09/08/2010;97
10/08/2010;118
11/08/2010;99
12/08/2010;109
13/08/2010;82
14/08/2010;42
16/08/2010;82
17/08/2010;91
18/08/2010;84
19/08/2010;85
20/08/2010;88
21/08/2010;61
23/08/2010;72
24/08/2010;98
25/08/2010;96
26/08/2010;80
27/08/2010;93
28/08/2010;56
30/08/2010;112
31/08/2010;110
01/09/2010;91
02/09/2010;100
03/09/2010;87
04/09/2010;61
06/09/2010;113
07/09/2010;111
08/09/2010;95
09/09/2010;71
10/09/2010;82
11/09/2010;93
13/09/2010;108
14/09/2010;76
15/09/2010;93
16/09/2010;80
17/09/2010;65
18/09/2010;75
20/09/2010;122
21/09/2010;96
22/09/2010;90
23/09/2010;68
24/09/2010;70
25/09/2010;65
27/09/2010;75
28/09/2010;109
29/09/2010;110
30/09/2010;32
01/10/2010;86
02/10/2010;77
04/10/2010;83
05/10/2010;101
06/10/2010;108
07/10/2010;94
08/10/2010;96
09/10/2010;65
11/10/2010;121
12/10/2010;94
13/10/2010;99
14/10/2010;102
15/10/2010;86
16/10/2010;81
18/10/2010;111
19/10/2010;95
20/10/2010;93
21/10/2010;74
22/10/2010;100
23/10/2010;73
25/10/2010;115
26/10/2010;101
27/10/2010;105
28/10/2010;115
29/10/2010;90
30/10/2010;100
01/11/2010;23
03/11/2010;31
04/11/2010;92
05/11/2010;83
06/11/2010;100
08/11/2010;81
09/11/2010;121
10/11/2010;90
11/11/2010;77
12/11/2010;100
13/11/2010;106
15/11/2010;132
16/11/2010;105
17/11/2010;118
18/11/2010;97
19/11/2010;84
20/11/2010;82
22/11/2010;97
23/11/2010;106
24/11/2010;118
25/11/2010;87
26/11/2010;70
27/11/2010;74
29/11/2010;108
30/11/2010;90
01/12/2010;104
02/12/2010;82
03/12/2010;103
04/12/2010;74
06/12/2010;111
07/12/2010;99
08/12/2010;87
09/12/2010;109
10/12/2010;87
11/12/2010;108
13/12/2010;97
14/12/2010;120
15/12/2010;101
16/12/2010;98
17/12/2010;94
18/12/2010;83
20/12/2010;121
21/12/2010;114
22/12/2010;90
23/12/2010;97
24/12/2010;58
27/12/2010;125
28/12/2010;107
29/12/2010;101
30/12/2010;67
31/12/2010;20
03/01/2011;66
04/01/2011;70
05/01/2011;93
06/01/2011;92
07/01/2011;61
08/01/2011;73
10/01/2011;73
11/01/2011;95
12/01/2011;69
13/01/2011;88
14/01/2011;97
15/01/2011;64
17/01/2011;91
18/01/2011;91
19/01/2011;89
20/01/2011;77
21/01/2011;108
22/01/2011;62
24/01/2011;94
25/01/2011;102
26/01/2011;99
27/01/2011;81
28/01/2011;85
29/01/2011;61
31/01/2011;78
01/02/2011;92
02/02/2011;106
03/02/2011;103
04/02/2011;85
05/02/2011;68
07/02/2011;78
08/02/2011;97
09/02/2011;93
10/02/2011;62
11/02/2011;70
12/02/2011;80
14/02/2011;109
15/02/2011;76
16/02/2011;101
17/02/2011;94
18/02/2011;85
19/02/2011;68
21/02/2011;93
22/02/2011;74
23/02/2011;108
24/02/2011;82
25/02/2011;56
26/02/2011;77
28/02/2011;70
01/03/2011;88
02/03/2011;114
03/03/2011;69
04/03/2011;96
05/03/2011;67
09/03/2011;80
10/03/2011;72
11/03/2011;75
12/03/2011;64
14/03/2011;87
15/03/2011;101
16/03/2011;70
17/03/2011;66
18/03/2011;76
19/03/2011;65
21/03/2011;80
22/03/2011;87
23/03/2011;96
24/03/2011;80
25/03/2011;70
26/03/2011;62
28/03/2011;101
29/03/2011;93
30/03/2011;77
31/03/2011;66
01/04/2011;72
02/04/2011;84
04/04/2011;99
05/04/2011;97
06/04/2011;83
07/04/2011;92
08/04/2011;106
09/04/2011;77
11/04/2011;75
12/04/2011;106
13/04/2011;79
14/04/2011;86
15/04/2011;80
16/04/2011;58
18/04/2011;107
19/04/2011;116
20/04/2011;82
21/04/2011;80
23/04/2011;78
25/04/2011;128
26/04/2011;98
27/04/2011;86
28/04/2011;81
29/04/2011;65
30/04/2011;94
02/05/2011;84
03/05/2011;111
04/05/2011;65
05/05/2011;89
06/05/2011;81
09/05/2011;90
10/05/2011;95
11/05/2011;100
12/05/2011;91
13/05/2011;66
14/05/2011;57
16/05/2011;79
17/05/2011;79
18/05/2011;90
19/05/2011;68
20/05/2011;80
21/05/2011;63
23/05/2011;97
24/05/2011;84
25/05/2011;91
26/05/2011;104
27/05/2011;57
28/05/2011;36
30/05/2011;100
31/05/2011;87
01/06/2011;98
02/06/2011;82
03/06/2011;78
04/06/2011;80
06/06/2011;72
07/06/2011;87
08/06/2011;81
09/06/2011;85
10/06/2011;94
11/06/2011;85
13/06/2011;72
14/06/2011;105
15/06/2011;84
16/06/2011;102
17/06/2011;67
18/06/2011;56
20/06/2011;82
21/06/2011;94
22/06/2011;75
23/06/2011;66
24/06/2011;55
25/06/2011;80
27/06/2011;76
28/06/2011;92
29/06/2011;100
30/06/2011;82
01/07/2011;80
02/07/2011;68
04/07/2011;107
05/07/2011;101
06/07/2011;107
07/07/2011;73
08/07/2011;78
09/07/2011;64
11/07/2011;83
12/07/2011;98
13/07/2011;93
14/07/2011;86
15/07/2011;75
16/07/2011;66
18/07/2011;96
19/07/2011;102
20/07/2011;76
21/07/2011;92
22/07/2011;73
23/07/2011;87
25/07/2011;22
26/07/2011;101
27/07/2011;104
28/07/2011;86
29/07/2011;67
30/07/2011;54
01/08/2011;93
02/08/2011;110
03/08/2011;91
04/08/2011;100
05/08/2011;117
06/08/2011;64
08/08/2011;104
09/08/2011;96
10/08/2011;94
11/08/2011;105
12/08/2011;60
13/08/2011;44
15/08/2011;79
16/08/2011;117
17/08/2011;92
18/08/2011;80
19/08/2011;100
20/08/2011;67
22/08/2011;85
23/08/2011;125
24/08/2011;98
25/08/2011;102
26/08/2011;66
27/08/2011;58
29/08/2011;73
30/08/2011;108
31/08/2011;103
01/09/2011;83
02/09/2011;74
03/09/2011;66
05/09/2011;98
06/09/2011;85
07/09/2011;81
08/09/2011;111
09/09/2011;91
10/09/2011;90
12/09/2011;112
13/09/2011;114
14/09/2011;124
15/09/2011;80
16/09/2011;90
17/09/2011;76
19/09/2011;108
20/09/2011;119
21/09/2011;94
22/09/2011;87
23/09/2011;89
24/09/2011;79
26/09/2011;136
27/09/2011;87
28/09/2011;104
29/09/2011;100
30/09/2011;106
01/10/2011;72
03/10/2011;104
04/10/2011;106
05/10/2011;98
06/10/2011;90
07/10/2011;84
08/10/2011;67
10/10/2011;110
11/10/2011;115
12/10/2011;96
13/10/2011;97
14/10/2011;91
15/10/2011;93
17/10/2011;133
18/10/2011;105
19/10/2011;116
20/10/2011;112
21/10/2011;102
22/10/2011;96
24/10/2011;102
25/10/2011;126
26/10/2011;105
27/10/2011;102
28/10/2011;109
29/10/2011;99
31/10/2011;94
01/11/2011;110
02/11/2011;6
03/11/2011;40
04/11/2011;57
05/11/2011;51
07/11/2011;104
08/11/2011;93
09/11/2011;107
10/11/2011;126
11/11/2011;96
12/11/2011;83
14/11/2011;109
15/11/2011;76
16/11/2011;123
17/11/2011;89
18/11/2011;112
19/11/2011;92
21/11/2011;71
22/11/2011;109
23/11/2011;101
24/11/2011;94
25/11/2011;103
26/11/2011;75
28/11/2011;91
29/11/2011;103
30/11/2011;84
01/12/2011;95
02/12/2011;114
03/12/2011;72
05/12/2011;100
06/12/2011;114
07/12/2011;103
08/12/2011;92
09/12/2011;83
10/12/2011;107
12/12/2011;124
13/12/2011;93
14/12/2011;103
15/12/2011;127
16/12/2011;130
17/12/2011;97
19/12/2011;128
20/12/2011;87
21/12/2011;111
22/12/2011;110
23/12/2011;88
24/12/2011;42
26/12/2011;84
27/12/2011;94
28/12/2011;92
29/12/2011;121
30/12/2011;63
31/12/2011;29
02/01/2012;17
03/01/2012;103
04/01/2012;124
05/01/2012;112
06/01/2012;114
07/01/2012;87
09/01/2012;141
10/01/2012;110
11/01/2012;123
12/01/2012;106
13/01/2012;97
14/01/2012;127
16/01/2012;94
17/01/2012;79
18/01/2012;104
19/01/2012;100
20/01/2012;75
21/01/2012;107
23/01/2012;101
24/01/2012;91
25/01/2012;94
26/01/2012;95
27/01/2012;65
28/01/2012;87
30/01/2012;99
31/01/2012;113
01/02/2012;135
02/02/2012;71
03/02/2012;91
04/02/2012;74
06/02/2012;116
07/02/2012;104
08/02/2012;84
09/02/2012;81
10/02/2012;93
11/02/2012;91
13/02/2012;101
14/02/2012;96
15/02/2012;100
16/02/2012;92
17/02/2012;117
18/02/2012;82
22/02/2012;80
23/02/2012;112
24/02/2012;108
25/02/2012;86
27/02/2012;110
28/02/2012;81
29/02/2012;94
01/03/2012;112
02/03/2012;83
03/03/2012;93
05/03/2012;85
06/03/2012;90
07/03/2012;98
08/03/2012;101
09/03/2012;75
10/03/2012;87
12/03/2012;99
13/03/2012;106
14/03/2012;93
15/03/2012;89
16/03/2012;86
17/03/2012;69
19/03/2012;113
20/03/2012;108
21/03/2012;94
22/03/2012;88
23/03/2012;70
24/03/2012;91
26/03/2012;100
27/03/2012;68
28/03/2012;110
29/03/2012;89
30/03/2012;73
31/03/2012;69
02/04/2012;100
03/04/2012;101
04/04/2012;82
05/04/2012;69
07/04/2012;66
09/04/2012;111
10/04/2012;104
11/04/2012;116
12/04/2012;109
13/04/2012;115
14/04/2012;76
16/04/2012;95
17/04/2012;106
18/04/2012;149
19/04/2012;102
20/04/2012;84
21/04/2012;74
23/04/2012;95
24/04/2012;96
25/04/2012;105
26/04/2012;116
27/04/2012;92
28/04/2012;96
30/04/2012;120
01/05/2012;51
02/05/2012;112
03/05/2012;128
04/05/2012;76
05/05/2012;75
07/05/2012;116
08/05/2012;123
09/05/2012;122
10/05/2012;96
11/05/2012;93
12/05/2012;81
14/05/2012;84
15/05/2012;97
16/05/2012;93
17/05/2012;85
18/05/2012;85
19/05/2012;100
21/05/2012;110
22/05/2012;89
23/05/2012;101
24/05/2012;112
25/05/2012;41
26/05/2012;61
28/05/2012;103
29/05/2012;88
30/05/2012;119
31/05/2012;79
01/06/2012;73
02/06/2012;76
04/06/2012;107
05/06/2012;92
06/06/2012;108
07/06/2012;73
08/06/2012;142
09/06/2012;58
11/06/2012;86
12/06/2012;100
13/06/2012;89
14/06/2012;88
15/06/2012;77
16/06/2012;60
18/06/2012;96
19/06/2012;142
20/06/2012;70
21/06/2012;109
22/06/2012;86
23/06/2012;69
25/06/2012;96
26/06/2012;95
27/06/2012;84
28/06/2012;113
29/06/2012;106
30/06/2012;73
02/07/2012;90
03/07/2012;85
04/07/2012;92
05/07/2012;127
06/07/2012;88
07/07/2012;80
09/07/2012;104
10/07/2012;110
11/07/2012;79
12/07/2012;97
13/07/2012;101
14/07/2012;71
16/07/2012;92
17/07/2012;107
18/07/2012;105
19/07/2012;104
20/07/2012;104
21/07/2012;81
23/07/2012;117
24/07/2012;121
25/07/2012;47
26/07/2012;77
27/07/2012;82
28/07/2012;77
30/07/2012;118
31/07/2012;120
01/08/2012;122
02/08/2012;95
03/08/2012;78
04/08/2012;94
06/08/2012;107
07/08/2012;90
08/08/2012;78
09/08/2012;135
10/08/2012;63
11/08/2012;53
13/08/2012;112
14/08/2012;136
15/08/2012;115
16/08/2012;108
17/08/2012;80
18/08/2012;83
20/08/2012;125
21/08/2012;130
22/08/2012;90
23/08/2012;109
24/08/2012;85
25/08/2012;80
27/08/2012;90
28/08/2012;109
29/08/2012;93
30/08/2012;94
31/08/2012;96
01/09/2012;92
03/09/2012;119
04/09/2012;81
05/09/2012;114
06/09/2012;109
07/09/2012;87
08/09/2012;97
10/09/2012;114
11/09/2012;113
12/09/2012;103
13/09/2012;95
14/09/2012;88
15/09/2012;110
17/09/2012;91
18/09/2012;126
19/09/2012;106
20/09/2012;99
21/09/2012;83
22/09/2012;68
24/09/2012;96
25/09/2012;91
26/09/2012;100
27/09/2012;129
28/09/2012;104
29/09/2012;128
01/10/2012;102
02/10/2012;107
03/10/2012;111
04/10/2012;117
05/10/2012;105
06/10/2012;105
08/10/2012;132
09/10/2012;131
10/10/2012;81
11/10/2012;117
12/10/2012;69
13/10/2012;49
15/10/2012;105
16/10/2012;112
17/10/2012;126
18/10/2012;97
19/10/2012;133
20/10/2012;96
22/10/2012;106
23/10/2012;117
24/10/2012;118
25/10/2012;98
26/10/2012;86
27/10/2012;88
29/10/2012;168
30/10/2012;109
31/10/2012;103
01/11/2012;123
03/11/2012;30
05/11/2012;127
06/11/2012;128
07/11/2012;94
08/11/2012;136
09/11/2012;141
10/11/2012;113
12/11/2012;97
13/11/2012;112
14/11/2012;131
15/11/2012;97
16/11/2012;108
17/11/2012;101
19/11/2012;131
20/11/2012;97
21/11/2012;129
22/11/2012;124
23/11/2012;125
24/11/2012;92
26/11/2012;97
27/11/2012;131
28/11/2012;98
29/11/2012;97
30/11/2012;113
01/12/2012;127
03/12/2012;101
04/12/2012;109
05/12/2012;123
06/12/2012;104
07/12/2012;112
08/12/2012;106
10/12/2012;132
11/12/2012;109
12/12/2012;138
13/12/2012;101
14/12/2012;118
15/12/2012;119
17/12/2012;132
18/12/2012;114
19/12/2012;102
20/12/2012;92
21/12/2012;88
22/12/2012;83
24/12/2012;37
26/12/2012;119
27/12/2012;111
28/12/2012;117
29/12/2012;81
31/12/2012;29
02/01/2013;73
03/01/2013;117
04/01/2013;121
05/01/2013;103
07/01/2013;158
08/01/2013;140
09/01/2013;117
10/01/2013;110
11/01/2013;102
12/01/2013;96
14/01/2013;121
15/01/2013;97
16/01/2013;147
17/01/2013;128
18/01/2013;108
19/01/2013;90
21/01/2013;113
22/01/2013;128
23/01/2013;112
24/01/2013;90
25/01/2013;137
26/01/2013;90
28/01/2013;117
29/01/2013;105
30/01/2013;105
31/01/2013;129
01/02/2013;103
02/02/2013;103
04/02/2013;102
05/02/2013;109
06/02/2013;89
07/02/2013;78
08/02/2013;101
09/02/2013;79
13/02/2013;114
14/02/2013;115
15/02/2013;71
16/02/2013;67
18/02/2013;94
19/02/2013;92
20/02/2013;125
21/02/2013;108
22/02/2013;105
23/02/2013;73
25/02/2013;103
26/02/2013;110
27/02/2013;111
28/02/2013;110
01/03/2013;90
02/03/2013;81
05/03/2013;121
06/03/2013;94
07/03/2013;132
08/03/2013;95
09/03/2013;74
11/03/2013;89
12/03/2013;129
13/03/2013;90
14/03/2013;120
15/03/2013;109
16/03/2013;86
18/03/2013;164
19/03/2013;136
20/03/2013;95
21/03/2013;110
22/03/2013;98
23/03/2013;103
25/03/2013;98
26/03/2013;124
27/03/2013;122
28/03/2013;89
30/03/2013;69
01/04/2013;124
02/04/2013;130
03/04/2013;109
04/04/2013;71
05/04/2013;100
06/04/2013;87
08/04/2013;94
09/04/2013;76
10/04/2013;95
11/04/2013;105
12/04/2013;83
13/04/2013;83
15/04/2013;122
16/04/2013;133
17/04/2013;130
18/04/2013;110
19/04/2013;94
20/04/2013;87
22/04/2013;108
23/04/2013;117
24/04/2013;99
25/04/2013;87
26/04/2013;106
27/04/2013;91
29/04/2013;125
30/04/2013;112
01/05/2013;71
02/05/2013;123
03/05/2013;91
04/05/2013;89
06/05/2013;93
07/05/2013;129
08/05/2013;89
09/05/2013;91
10/05/2013;94
11/05/2013;73
13/05/2013;87
14/05/2013;98
15/05/2013;97
16/05/2013;87
17/05/2013;128
18/05/2013;83
20/05/2013;96
21/05/2013;86
22/05/2013;87
23/05/2013;107
24/05/2013;121
25/05/2013;75
27/05/2013;110
28/05/2013;90
29/05/2013;104
30/05/2013;102
31/05/2013;75
01/06/2013;71
03/06/2013;101
04/06/2013;97
05/06/2013;124
06/06/2013;89
07/06/2013;78
08/06/2013;87
10/06/2013;114
11/06/2013;110
12/06/2013;109
13/06/2013;85
14/06/2013;79
15/06/2013;75
17/06/2013;114
18/06/2013;116
19/06/2013;81
20/06/2013;101
21/06/2013;81
22/06/2013;71
24/06/2013;117
25/06/2013;98
26/06/2013;118
27/06/2013;110
28/06/2013;87
29/06/2013;74
01/07/2013;93
02/07/2013;130
03/07/2013;120
04/07/2013;106
05/07/2013;91
06/07/2013;81
08/07/2013;116
09/07/2013;101
10/07/2013;122
11/07/2013;110
12/07/2013;104
13/07/2013;103
14/07/2013;3
15/07/2013;96
16/07/2013;118
17/07/2013;113
18/07/2013;90
19/07/2013;136
20/07/2013;113
22/07/2013;70
23/07/2013;114
24/07/2013;99
25/07/2013;61
26/07/2013;122
27/07/2013;85
29/07/2013;111
30/07/2013;112
31/07/2013;120
01/08/2013;114
02/08/2013;109
03/08/2013;104
05/08/2013;117
06/08/2013;114
07/08/2013;112
08/08/2013;136
09/08/2013;87
10/08/2013;110
12/08/2013;126
13/08/2013;137
14/08/2013;105
15/08/2013;95
16/08/2013;111
17/08/2013;92
19/08/2013;93
20/08/2013;105
21/08/2013;116
22/08/2013;92
23/08/2013;108
24/08/2013;122
26/08/2013;101
27/08/2013;112
28/08/2013;92
29/08/2013;128
30/08/2013;125
31/08/2013;84
02/09/2013;109
03/09/2013;108
04/09/2013;132
05/09/2013;102
06/09/2013;73
07/09/2013;93
09/09/2013;108
10/09/2013;110
11/09/2013;93
12/09/2013;108
13/09/2013;79
14/09/2013;74
16/09/2013;112
17/09/2013;70
18/09/2013;128
19/09/2013;88
20/09/2013;81
21/09/2013;75
23/09/2013;98
24/09/2013;117
25/09/2013;125
26/09/2013;84
27/09/2013;82
28/09/2013;98
30/09/2013;124
01/10/2013;112
02/10/2013;100
03/10/2013;113
04/10/2013;84
05/10/2013;88
07/10/2013;107
08/10/2013;91
09/10/2013;157
10/10/2013;113
11/10/2013;38
12/10/2013;81
14/10/2013;104
15/10/2013;116
16/10/2013;121
17/10/2013;101
18/10/2013;97
19/10/2013;99
21/10/2013;130
22/10/2013;113
23/10/2013;92
24/10/2013;86
25/10/2013;134
26/10/2013;114
28/10/2013;131
29/10/2013;95
30/10/2013;115
31/10/2013;82
01/11/2013;82
04/11/2013;129
05/11/2013;114
06/11/2013;123
07/11/2013;122
08/11/2013;113
09/11/2013;86
11/11/2013;104
12/11/2013;124
13/11/2013;125
14/11/2013;113
15/11/2013;117
16/11/2013;79
18/11/2013;106
19/11/2013;99
20/11/2013;111
21/11/2013;102
22/11/2013;109
23/11/2013;71
25/11/2013;90
26/11/2013;124
27/11/2013;109
28/11/2013;99
29/11/2013;105
30/11/2013;85
02/12/2013;118
03/12/2013;117
04/12/2013;96
05/12/2013;103
06/12/2013;109
07/12/2013;90
09/12/2013;104
10/12/2013;104
11/12/2013;124
12/12/2013;129
13/12/2013;90
14/12/2013;83
16/12/2013;134
17/12/2013;154
18/12/2013;113
19/12/2013;119
20/12/2013;102
21/12/2013;81
23/12/2013;130
24/12/2013;59
26/12/2013;132
27/12/2013;89
28/12/2013;90
30/12/2013;75
31/12/2013;17
02/01/2014;69
03/01/2014;80
04/01/2014;130
06/01/2014;117
07/01/2014;116
08/01/2014;126
09/01/2014;92
10/01/2014;122
11/01/2014;114
13/01/2014;137
14/01/2014;133
15/01/2014;106
16/01/2014;91
17/01/2014;81
18/01/2014;103
20/01/2014;102
21/01/2014;110
22/01/2014;116
23/01/2014;95
24/01/2014;121
25/01/2014;148
27/01/2014;93
28/01/2014;120
29/01/2014;109
30/01/2014;83
31/01/2014;97
01/02/2014;83
03/02/2014;80
04/02/2014;96
05/02/2014;82
06/02/2014;93
07/02/2014;82
08/02/2014;86
10/02/2014;81
11/02/2014;81
12/02/2014;80
13/02/2014;79
14/02/2014;60
15/02/2014;76
17/02/2014;102
18/02/2014;102
19/02/2014;85
20/02/2014;110
21/02/2014;68
22/02/2014;57
24/02/2014;98
25/02/2014;96
26/02/2014;122
27/02/2014;91
28/02/2014;87
01/03/2014;102
05/03/2014;104
06/03/2014;81
07/03/2014;85
08/03/2014;77
10/03/2014;107
11/03/2014;110
12/03/2014;113
13/03/2014;114
14/03/2014;109
15/03/2014;55
17/03/2014;100
18/03/2014;82
19/03/2014;90
20/03/2014;124
21/03/2014;102
22/03/2014;92
24/03/2014;111
25/03/2014;87
26/03/2014;86
27/03/2014;99
28/03/2014;73
29/03/2014;68
30/03/2014;1
31/03/2014;85
01/04/2014;99
02/04/2014;78
03/04/2014;71
04/04/2014;102
05/04/2014;78
07/04/2014;90
08/04/2014;104
09/04/2014;99
10/04/2014;94
11/04/2014;85
12/04/2014;80
14/04/2014;87
15/04/2014;86
16/04/2014;71
17/04/2014;80
21/04/2014;133
22/04/2014;76
23/04/2014;101
24/04/2014;106
25/04/2014;116
26/04/2014;84
28/04/2014;95
29/04/2014;94
30/04/2014;121
01/05/2014;71
02/05/2014;81
03/05/2014;95
05/05/2014;83
06/05/2014;88
07/05/2014;94
08/05/2014;100
09/05/2014;97
10/05/2014;68
12/05/2014;70
13/05/2014;115
14/05/2014;98
15/05/2014;76
16/05/2014;91
17/05/2014;91
19/05/2014;104
20/05/2014;78
21/05/2014;96
22/05/2014;138
23/05/2014;113
24/05/2014;89
26/05/2014;125
27/05/2014;90
28/05/2014;90
29/05/2014;61
30/05/2014;81
31/05/2014;73
02/06/2014;96
03/06/2014;78
04/06/2014;99
05/06/2014;102
06/06/2014;78
07/06/2014;84
09/06/2014;97
10/06/2014;80
11/06/2014;81
12/06/2014;92
13/06/2014;79
14/06/2014;64
16/06/2014;129
17/06/2014;108
18/06/2014;88
19/06/2014;71
20/06/2014;78
21/06/2014;61
23/06/2014;76
24/06/2014;100
25/06/2014;96
26/06/2014;73
27/06/2014;106
28/06/2014;75
30/06/2014;104
01/07/2014;101
02/07/2014;92
03/07/2014;85
04/07/2014;80
05/07/2014;87
07/07/2014;105
08/07/2014;96
09/07/2014;97
10/07/2014;82
11/07/2014;101
12/07/2014;62
14/07/2014;120
15/07/2014;118
16/07/2014;112
17/07/2014;113
18/07/2014;91
19/07/2014;96
21/07/2014;99
22/07/2014;90
23/07/2014;99
24/07/2014;87
25/07/2014;69
26/07/2014;65
28/07/2014;106
29/07/2014;119
30/07/2014;94
31/07/2014;123
01/08/2014;85
02/08/2014;59
04/08/2014;111
05/08/2014;87
06/08/2014;103
07/08/2014;111
08/08/2014;98
09/08/2014;73
11/08/2014;131
12/08/2014;116
13/08/2014;63
14/08/2014;120
15/08/2014;109
16/08/2014;49
18/08/2014;98
19/08/2014;112
20/08/2014;104
21/08/2014;103
22/08/2014;98
23/08/2014;78
25/08/2014;92
26/08/2014;95
27/08/2014;111
28/08/2014;77
29/08/2014;119
30/08/2014;76
01/09/2014;102
02/09/2014;107
03/09/2014;106
04/09/2014;113
05/09/2014;108
06/09/2014;73
08/09/2014;128
09/09/2014;109
10/09/2014;114
11/09/2014;129
12/09/2014;94
13/09/2014;99
15/09/2014;108
16/09/2014;167
17/09/2014;101
18/09/2014;117
19/09/2014;110
20/09/2014;79
22/09/2014;94
23/09/2014;92
24/09/2014;101
25/09/2014;94
26/09/2014;98
27/09/2014;87
29/09/2014;94
30/09/2014;86
01/10/2014;114
02/10/2014;94
03/10/2014;96
04/10/2014;86
06/10/2014;102
07/10/2014;106
08/10/2014;91
09/10/2014;104
10/10/2014;58
11/10/2014;56
13/10/2014;94
14/10/2014;113
15/10/2014;135
16/10/2014;100
17/10/2014;75
18/10/2014;69
20/10/2014;112
21/10/2014;129
22/10/2014;135
23/10/2014;104
24/10/2014;85
25/10/2014;83
27/10/2014;119
28/10/2014;110
29/10/2014;107
30/10/2014;104
31/10/2014;86
01/11/2014;46
03/11/2014;26
04/11/2014;101
05/11/2014;79
06/11/2014;106
07/11/2014;92
08/11/2014;99
10/11/2014;100
11/11/2014;81
12/11/2014;95
13/11/2014;110
14/11/2014;120
15/11/2014;80
17/11/2014;107
18/11/2014;121
19/11/2014;114
20/11/2014;75
21/11/2014;90
22/11/2014;89
24/11/2014;108
25/11/2014;112
26/11/2014;105
27/11/2014;109
28/11/2014;87
29/11/2014;99
01/12/2014;94
02/12/2014;116
03/12/2014;100
04/12/2014;94
05/12/2014;101
06/12/2014;113
08/12/2014;106
09/12/2014;114
10/12/2014;122
11/12/2014;96
12/12/2014;131
13/12/2014;127
15/12/2014;152
16/12/2014;117
17/12/2014;98
18/12/2014;119
19/12/2014;85
20/12/2014;85
22/12/2014;104
23/12/2014;117
24/12/2014;78
26/12/2014;79
27/12/2014;63
29/12/2014;142
30/12/2014;95
31/12/2014;44
02/01/2015;37
03/01/2015;58
05/01/2015;87
06/01/2015;106
07/01/2015;123
08/01/2015;108
09/01/2015;112
10/01/2015;107
12/01/2015;123
13/01/2015;93
14/01/2015;110
15/01/2015;100
16/01/2015;91
17/01/2015;112
19/01/2015;110
20/01/2015;131
21/01/2015;120
22/01/2015;103
23/01/2015;102
24/01/2015;100
26/01/2015;94
27/01/2015;77
28/01/2015;95
29/01/2015;96
30/01/2015;89
31/01/2015;89
02/02/2015;84
03/02/2015;98
04/02/2015;118
05/02/2015;122
06/02/2015;71
07/02/2015;101
09/02/2015;118
10/02/2015;112
11/02/2015;92
12/02/2015;112
13/02/2015;100
14/02/2015;76
18/02/2015;82
19/02/2015;97
20/02/2015;78
21/02/2015;77
23/02/2015;114
24/02/2015;105
25/02/2015;114
26/02/2015;94
27/02/2015;79
28/02/2015;95
02/03/2015;115
03/03/2015;102
04/03/2015;135
05/03/2015;91
06/03/2015;71
07/03/2015;71
09/03/2015;95
10/03/2015;89
11/03/2015;83
12/03/2015;101
13/03/2015;100
14/03/2015;81
16/03/2015;77
17/03/2015;106
18/03/2015;77
19/03/2015;92
20/03/2015;101
21/03/2015;73
23/03/2015;87
24/03/2015;91
25/03/2015;93
26/03/2015;67
27/03/2015;120
28/03/2015;74
30/03/2015;124
31/03/2015;88
01/04/2015;98
02/04/2015;85
04/04/2015;57
06/04/2015;106
07/04/2015;110
08/04/2015;95
09/04/2015;99
10/04/2015;94
11/04/2015;60
13/04/2015;90
14/04/2015;102
15/04/2015;70
16/04/2015;78
17/04/2015;85
18/04/2015;109
20/04/2015;87
21/04/2015;102
22/04/2015;94
23/04/2015;91
24/04/2015;96
25/04/2015;90
27/04/2015;100
28/04/2015;90
29/04/2015;85
30/04/2015;70
01/05/2015;63
02/05/2015;65
04/05/2015;91
05/05/2015;90
06/05/2015;113
07/05/2015;79
08/05/2015;95
09/05/2015;70
11/05/2015;86
12/05/2015;113
13/05/2015;82
14/05/2015;84
15/05/2015;88
16/05/2015;78
18/05/2015;78
19/05/2015;92
20/05/2015;96
21/05/2015;109
22/05/2015;96
23/05/2015;55
25/05/2015;116
26/05/2015;94
27/05/2015;84
28/05/2015;89
29/05/2015;60
30/05/2015;78
01/06/2015;78
02/06/2015;112
03/06/2015;74
04/06/2015;55
05/06/2015;94
06/06/2015;87
08/06/2015;112
09/06/2015;81
10/06/2015;63
11/06/2015;93
12/06/2015;68
13/06/2015;60
15/06/2015;89
16/06/2015;95
17/06/2015;81
18/06/2015;80
19/06/2015;81
20/06/2015;50
22/06/2015;95
23/06/2015;80
24/06/2015;94
25/06/2015;91
26/06/2015;125
27/06/2015;43
29/06/2015;65
30/06/2015;77
01/07/2015;114
02/07/2015;93
03/07/2015;94
04/07/2015;84
06/07/2015;7
07/07/2015;86
08/07/2015;74
09/07/2015;91
10/07/2015;74
11/07/2015;67
13/07/2015;101
14/07/2015;104
15/07/2015;68
16/07/2015;94
17/07/2015;71
18/07/2015;71
20/07/2015;93
21/07/2015;82
22/07/2015;95
23/07/2015;78
24/07/2015;81
25/07/2015;64
27/07/2015;94
28/07/2015;94
29/07/2015;87
30/07/2015;89
31/07/2015;82
01/08/2015;67
03/08/2015;109
04/08/2015;96
05/08/2015;101
06/08/2015;95
07/08/2015;99
08/08/2015;80
10/08/2015;47
11/08/2015;109
12/08/2015;95
13/08/2015;107
14/08/2015;98
15/08/2015;74
17/08/2015;97
18/08/2015;119
19/08/2015;75
20/08/2015;99
21/08/2015;83
22/08/2015;64
24/08/2015;86
25/08/2015;105
26/08/2015;100
27/08/2015;94
28/08/2015;80
29/08/2015;59
31/08/2015;81
01/09/2015;98
02/09/2015;122
03/09/2015;146
04/09/2015;103
05/09/2015;61
07/09/2015;113
08/09/2015;125
09/09/2015;94
10/09/2015;100
11/09/2015;98
12/09/2015;91
14/09/2015;122
15/09/2015;93
16/09/2015;91
17/09/2015;120
18/09/2015;102
19/09/2015;101
21/09/2015;107
22/09/2015;91
23/09/2015;97
24/09/2015;105
25/09/2015;88
26/09/2015;68
28/09/2015;108
29/09/2015;127
30/09/2015;128
01/10/2015;119
02/10/2015;105
03/10/2015;90
05/10/2015;109
06/10/2015;106
07/10/2015;120
08/10/2015;124
09/10/2015;55
10/10/2015;88
12/10/2015;120
13/10/2015;127
14/10/2015;135
15/10/2015;172
16/10/2015;174
17/10/2015;112
19/10/2015;155
20/10/2015;123
21/10/2015;122
22/10/2015;115
23/10/2015;86
24/10/2015;126
26/10/2015;101
27/10/2015;131
28/10/2015;102
29/10/2015;103
30/10/2015;97
31/10/2015;117
04/11/2015;120
05/11/2015;99
06/11/2015;112
07/11/2015;125
09/11/2015;134
10/11/2015;86
11/11/2015;126
12/11/2015;108
13/11/2015;116
14/11/2015;100
16/11/2015;114
17/11/2015;106
18/11/2015;119
19/11/2015;105
20/11/2015;133
21/11/2015;81
23/11/2015;141
24/11/2015;124
25/11/2015;109
26/11/2015;111
27/11/2015;93
28/11/2015;83
30/11/2015;110
01/12/2015;130
02/12/2015;140
03/12/2015;134
04/12/2015;109
05/12/2015;85
07/12/2015;121
08/12/2015;106
09/12/2015;118
10/12/2015;100
11/12/2015;112
12/12/2015;84
14/12/2015;108
15/12/2015;121
16/12/2015;90
17/12/2015;118
18/12/2015;97
19/12/2015;97
21/12/2015;132
22/12/2015;99
23/12/2015;66
24/12/2015;48
26/12/2015;50
28/12/2015;94
29/12/2015;110
30/12/2015;69
31/12/2015;38
04/01/2016;108
05/01/2016;125
06/01/2016;140
07/01/2016;141
08/01/2016;119
09/01/2016;115
11/01/2016;109
12/01/2016;109
13/01/2016;129
14/01/2016;121
15/01/2016;117
16/01/2016;97
18/01/2016;109
19/01/2016;105
20/01/2016;114
21/01/2016;116
22/01/2016;91
23/01/2016;134
25/01/2016;85
26/01/2016;122
27/01/2016;92
28/01/2016;95
29/01/2016;100
30/01/2016;62
01/02/2016;88
02/02/2016;84
03/02/2016;82
04/02/2016;72
05/02/2016;117
06/02/2016;113
10/02/2016;104
11/02/2016;109
12/02/2016;54
13/02/2016;51
15/02/2016;92
16/02/2016;81
17/02/2016;93
18/02/2016;80
19/02/2016;102
20/02/2016;72
22/02/2016;106
23/02/2016;88
24/02/2016;95
25/02/2016;124
26/02/2016;88
27/02/2016;83
29/02/2016;86
01/03/2016;82
02/03/2016;107
03/03/2016;114
04/03/2016;110
05/03/2016;98
07/03/2016;129
08/03/2016;109
09/03/2016;110
10/03/2016;93
11/03/2016;100
12/03/2016;95
14/03/2016;96
15/03/2016;77
16/03/2016;93
17/03/2016;102
18/03/2016;95
19/03/2016;74
21/03/2016;120
22/03/2016;102
23/03/2016;87
24/03/2016;70
26/03/2016;47
28/03/2016;78
29/03/2016;91
30/03/2016;102
31/03/2016;88
01/04/2016;103
02/04/2016;106
04/04/2016;88
05/04/2016;108
06/04/2016;99
07/04/2016;119
08/04/2016;121
09/04/2016;76
11/04/2016;94
12/04/2016;97
13/04/2016;104
14/04/2016;119
15/04/2016;116
16/04/2016;91
18/04/2016;117
19/04/2016;96
20/04/2016;103
21/04/2016;136
22/04/2016;97
23/04/2016;81
25/04/2016;88
26/04/2016;110
27/04/2016;109
28/04/2016;109
29/04/2016;86
30/04/2016;90
02/05/2016;86
03/05/2016;143
04/05/2016;123
05/05/2016;120
06/05/2016;107
07/05/2016;80
09/05/2016;121
10/05/2016;121
11/05/2016;105
12/05/2016;91
13/05/2016;97
14/05/2016;68
16/05/2016;89
17/05/2016;114
18/05/2016;118
19/05/2016;105
20/05/2016;83
21/05/2016;90
23/05/2016;114
24/05/2016;105
25/05/2016;116
26/05/2016;152
27/05/2016;84
28/05/2016;66
30/05/2016;126
31/05/2016;116
01/06/2016;92
02/06/2016;108
03/06/2016;79
04/06/2016;83
06/06/2016;100
07/06/2016;119
08/06/2016;120
09/06/2016;85
10/06/2016;84
11/06/2016;90
13/06/2016;114
14/06/2016;86
15/06/2016;110
16/06/2016;100
17/06/2016;86
18/06/2016;75
20/06/2016;102
21/06/2016;85
22/06/2016;85
23/06/2016;110
24/06/2016;113
25/06/2016;76
27/06/2016;88
28/06/2016;98
29/06/2016;125
30/06/2016;99
01/07/2016;107
02/07/2016;94
04/07/2016;125
05/07/2016;117
06/07/2016;99
07/07/2016;137
08/07/2016;88
09/07/2016;96
11/07/2016;89
12/07/2016;137
13/07/2016;102
14/07/2016;85
15/07/2016;107
16/07/2016;77
18/07/2016;128
19/07/2016;89
20/07/2016;92
21/07/2016;133
22/07/2016;123
23/07/2016;107
25/07/2016;51
26/07/2016;121
27/07/2016;77
28/07/2016;98
29/07/2016;133
30/07/2016;88
31/07/2016;2
01/08/2016;109
02/08/2016;124
03/08/2016;115
04/08/2016;127
05/08/2016;93
06/08/2016;99
08/08/2016;119
09/08/2016;126
10/08/2016;140
11/08/2016;123
12/08/2016;67
13/08/2016;66
15/08/2016;126
16/08/2016;107
17/08/2016;136
18/08/2016;113
19/08/2016;100
20/08/2016;99
22/08/2016;126
23/08/2016;161
24/08/2016;122
25/08/2016;101
26/08/2016;105
27/08/2016;111
29/08/2016;119
30/08/2016;109
31/08/2016;132
01/09/2016;85
02/09/2016;101
03/09/2016;107
05/09/2016;118
06/09/2016;119
07/09/2016;119
08/09/2016;113
09/09/2016;108
10/09/2016;88
12/09/2016;134
13/09/2016;149
14/09/2016;121
15/09/2016;126
16/09/2016;130
17/09/2016;122
19/09/2016;101
20/09/2016;123
21/09/2016;98
22/09/2016;113
23/09/2016;112
24/09/2016;105
26/09/2016;105
27/09/2016;137
28/09/2016;122
29/09/2016;129
30/09/2016;110
01/10/2016;98
03/10/2016;138
04/10/2016;139
05/10/2016;96
06/10/2016;131
07/10/2016;106
08/10/2016;93
10/10/2016;144
11/10/2016;130
12/10/2016;123
13/10/2016;108
14/10/2016;141
15/10/2016;102
17/10/2016;107
18/10/2016;150
19/10/2016;131
20/10/2016;107
21/10/2016;101
22/10/2016;94
24/10/2016;176
25/10/2016;102
26/10/2016;126
27/10/2016;119
28/10/2016;104
29/10/2016;109
31/10/2016;131
01/11/2016;143
03/11/2016;63
04/11/2016;54
05/11/2016;63
07/11/2016;138
08/11/2016;150
09/11/2016;141
10/11/2016;122
11/11/2016;129
12/11/2016;98
14/11/2016;122
15/11/2016;115
16/11/2016;166
17/11/2016;149
18/11/2016;123
19/11/2016;88
21/11/2016;113
22/11/2016;139
23/11/2016;149
24/11/2016;118
25/11/2016;134
26/11/2016;136
28/11/2016;144
29/11/2016;135
30/11/2016;182
01/12/2016;123
02/12/2016;134
03/12/2016;138
05/12/2016;149
06/12/2016;140
07/12/2016;132
08/12/2016;147
09/12/2016;140
10/12/2016;101
12/12/2016;146
13/12/2016;144
14/12/2016;160
15/12/2016;133
16/12/2016;105
17/12/2016;113
19/12/2016;139
20/12/2016;151
21/12/2016;108
22/12/2016;108
23/12/2016;122
24/12/2016;55
26/12/2016;66
27/12/2016;164
28/12/2016;106
29/12/2016;148
30/12/2016;99
31/12/2016;35
02/01/2017;32
03/01/2017;134
04/01/2017;127
05/01/2017;127
06/01/2017;128
07/01/2017;128
09/01/2017;175
10/01/2017;194
11/01/2017;193
12/01/2017;179
13/01/2017;131
14/01/2017;141
16/01/2017;146
17/01/2017;184
18/01/2017;145
19/01/2017;141
20/01/2017;166
21/01/2017;126
23/01/2017;148
24/01/2017;137
25/01/2017;150
26/01/2017;127
27/01/2017;115
28/01/2017;127
30/01/2017;121
31/01/2017;159
01/02/2017;147
02/02/2017;139
03/02/2017;135
04/02/2017;146
06/02/2017;146
07/02/2017;151
08/02/2017;136
09/02/2017;135
10/02/2017;102
11/02/2017;114
13/02/2017;122
14/02/2017;130
15/02/2017;106
16/02/2017;106
17/02/2017;134
18/02/2017;94
20/02/2017;103
21/02/2017;123
22/02/2017;141
23/02/2017;144
24/02/2017;147
25/02/2017;111
01/03/2017;127
02/03/2017;132
03/03/2017;120
04/03/2017;120
06/03/2017;125
07/03/2017;135
08/03/2017;155
09/03/2017;173
10/03/2017;137
11/03/2017;163
13/03/2017;154
14/03/2017;134
15/03/2017;136
16/03/2017;111
17/03/2017;122
18/03/2017;131
20/03/2017;129
21/03/2017;167
22/03/2017;148
23/03/2017;123
24/03/2017;96
25/03/2017;119
27/03/2017;159
28/03/2017;125
29/03/2017;119
30/03/2017;100
31/03/2017;120
01/04/2017;90
03/04/2017;121
04/04/2017;143
05/04/2017;176
06/04/2017;124
07/04/2017;106
08/04/2017;95
10/04/2017;142
11/04/2017;109
12/04/2017;114
13/04/2017;98
15/04/2017;106
17/04/2017;133
18/04/2017;163
19/04/2017;92
20/04/2017;149
21/04/2017;128
22/04/2017;135
24/04/2017;137
25/04/2017;123
26/04/2017;132
27/04/2017;131
28/04/2017;121
29/04/2017;113
01/05/2017;44
02/05/2017;108
03/05/2017;110
04/05/2017;127
05/05/2017;117
06/05/2017;147
08/05/2017;114
09/05/2017;129
10/05/2017;136
11/05/2017;109
12/05/2017;111
13/05/2017;86
15/05/2017;109
16/05/2017;119
17/05/2017;132
18/05/2017;121
19/05/2017;137
20/05/2017;91
22/05/2017;122
23/05/2017;139
24/05/2017;100
25/05/2017;164
26/05/2017;69
27/05/2017;69
29/05/2017;143
30/05/2017;89
31/05/2017;99
01/06/2017;106
02/06/2017;108
03/06/2017;114
05/06/2017;131
06/06/2017;132
07/06/2017;123
08/06/2017;163
09/06/2017;126
10/06/2017;90
12/06/2017;125
13/06/2017;133
14/06/2017;135
15/06/2017;109
16/06/2017;107
17/06/2017;86
19/06/2017;114
20/06/2017;146
21/06/2017;139
22/06/2017;123
23/06/2017;109
24/06/2017;92
26/06/2017;146
27/06/2017;121
28/06/2017;99
29/06/2017;137
30/06/2017;112
01/07/2017;125
03/07/2017;139
04/07/2017;138
05/07/2017;132
06/07/2017;90
07/07/2017;118
08/07/2017;96
10/07/2017;138
11/07/2017;105
12/07/2017;129
13/07/2017;128
14/07/2017;129
15/07/2017;83
17/07/2017;123
18/07/2017;101
19/07/2017;140
20/07/2017;100
21/07/2017;112
22/07/2017;103
24/07/2017;64
25/07/2017;108
26/07/2017;145
27/07/2017;110
28/07/2017;117
29/07/2017;118
31/07/2017;150
01/08/2017;125
02/08/2017;117
03/08/2017;127
04/08/2017;127
05/08/2017;112
07/08/2017;122
08/08/2017;139
09/08/2017;117
10/08/2017;132
11/08/2017;111
12/08/2017;79
14/08/2017;115
15/08/2017;120
16/08/2017;121
17/08/2017;100
18/08/2017;112
19/08/2017;90
20/08/2017;3
21/08/2017;142
22/08/2017;153
23/08/2017;137
24/08/2017;126
25/08/2017;111
26/08/2017;94
28/08/2017;130
29/08/2017;120
30/08/2017;117
31/08/2017;112
01/09/2017;126
02/09/2017;94
04/09/2017;173
05/09/2017;128
06/09/2017;149
07/09/2017;134
08/09/2017;114
09/09/2017;85
11/09/2017;107
12/09/2017;120
13/09/2017;137
14/09/2017;125
15/09/2017;110
16/09/2017;82
18/09/2017;92
19/09/2017;122
20/09/2017;117
21/09/2017;133
22/09/2017;110
23/09/2017;103
25/09/2017;107
26/09/2017;161
27/09/2017;122
28/09/2017;116
29/09/2017;120
30/09/2017;84
02/10/2017;163
03/10/2017;110
04/10/2017;156
05/10/2017;127
06/10/2017;129
07/10/2017;137
09/10/2017;49
10/10/2017;150
11/10/2017;142
12/10/2017;113
13/10/2017;141
14/10/2017;84
16/10/2017;142
17/10/2017;136
18/10/2017;140
19/10/2017;162
20/10/2017;109
21/10/2017;116
23/10/2017;129
24/10/2017;129
25/10/2017;140
26/10/2017;144
27/10/2017;133
28/10/2017;95
30/10/2017;117
31/10/2017;173
01/11/2017;163
03/11/2017;82
04/11/2017;59
06/11/2017;135
07/11/2017;162
08/11/2017;154
09/11/2017;117
10/11/2017;132
11/11/2017;135
13/11/2017;133
14/11/2017;130
15/11/2017;146
16/11/2017;149
17/11/2017;148
18/11/2017;102
20/11/2017;169
21/11/2017;155
22/11/2017;133
23/11/2017;178
24/11/2017;138
25/11/2017;118
27/11/2017;168
28/11/2017;145
29/11/2017;131
30/11/2017;136
01/12/2017;130
02/12/2017;119
04/12/2017;142
05/12/2017;145
06/12/2017;162
07/12/2017;160
08/12/2017;123
09/12/2017;151
11/12/2017;145
12/12/2017;193
13/12/2017;152
14/12/2017;118
15/12/2017;138
16/12/2017;153
18/12/2017;174
19/12/2017;142
20/12/2017;159
21/12/2017;115
22/12/2017;118
23/12/2017;103
26/12/2017;126
27/12/2017;161
28/12/2017;154
29/12/2017;102
30/12/2017;73
02/01/2018;115
03/01/2018;150
04/01/2018;148
05/01/2018;128
06/01/2018;85
08/01/2018;155
09/01/2018;126
10/01/2018;150
11/01/2018;126
12/01/2018;146
13/01/2018;101
15/01/2018;132
16/01/2018;121
17/01/2018;174
18/01/2018;126
19/01/2018;143
20/01/2018;120
22/01/2018;140
23/01/2018;162
24/01/2018;127
25/01/2018;153
26/01/2018;150
27/01/2018;114
29/01/2018;127
30/01/2018;116
31/01/2018;138
01/02/2018;138
02/02/2018;105
03/02/2018;91
05/02/2018;118
06/02/2018;116
07/02/2018;141
08/02/2018;132
09/02/2018;128
10/02/2018;128
14/02/2018;120
15/02/2018;126
16/02/2018;137
17/02/2018;122
19/02/2018;114
20/02/2018;131
21/02/2018;153
22/02/2018;174
23/02/2018;117
24/02/2018;127
26/02/2018;155
27/02/2018;123
28/02/2018;132
01/03/2018;120
02/03/2018;124
03/03/2018;149
05/03/2018;118
06/03/2018;141
07/03/2018;125
08/03/2018;142
09/03/2018;108
10/03/2018;105
12/03/2018;124
13/03/2018;152
14/03/2018;122
15/03/2018;110
16/03/2018;110
17/03/2018;85
19/03/2018;113
20/03/2018;143
21/03/2018;126
22/03/2018;148
23/03/2018;131
24/03/2018;90
26/03/2018;142
27/03/2018;139
28/03/2018;143
29/03/2018;150
31/03/2018;89
02/04/2018;144
03/04/2018;140
04/04/2018;168
05/04/2018;145
06/04/2018;129
07/04/2018;100
09/04/2018;163
10/04/2018;108
11/04/2018;145
12/04/2018;114
13/04/2018;104
14/04/2018;87
16/04/2018;127
17/04/2018;113
18/04/2018;114
19/04/2018;114
20/04/2018;106
21/04/2018;119
23/04/2018;123
24/04/2018;134
25/04/2018;138
26/04/2018;144
27/04/2018;117
28/04/2018;109
30/04/2018;110
01/05/2018;59
02/05/2018;130
03/05/2018;112
04/05/2018;115
05/05/2018;113
07/05/2018;140
08/05/2018;144
09/05/2018;129
10/05/2018;154
11/05/2018;113
12/05/2018;103
14/05/2018;113
15/05/2018;117
16/05/2018;106
17/05/2018;126
18/05/2018;118
19/05/2018;109
21/05/2018;153
22/05/2018;130
23/05/2018;107
24/05/2018;152
25/05/2018;132
26/05/2018;75
28/05/2018;126
29/05/2018;113
30/05/2018;112
31/05/2018;118
01/06/2018;115
02/06/2018;130
04/06/2018;132
05/06/2018;150
06/06/2018;136
07/06/2018;124
08/06/2018;131
09/06/2018;115
11/06/2018;112
12/06/2018;114
13/06/2018;140
14/06/2018;123
15/06/2018;102
16/06/2018;65
18/06/2018;151
19/06/2018;133
20/06/2018;99
21/06/2018;116
22/06/2018;115
23/06/2018;118
25/06/2018;112
26/06/2018;119
27/06/2018;119
28/06/2018;129
29/06/2018;122
30/06/2018;72
02/07/2018;110
03/07/2018;105
04/07/2018;145
05/07/2018;116
06/07/2018;125
07/07/2018;83
09/07/2018;114
10/07/2018;130
11/07/2018;125
12/07/2018;138
13/07/2018;115
14/07/2018;107
16/07/2018;132
17/07/2018;120
18/07/2018;126
19/07/2018;138
20/07/2018;116
21/07/2018;100
23/07/2018;132
24/07/2018;137
25/07/2018;108
26/07/2018;101
27/07/2018;66
28/07/2018;59
30/07/2018;153
31/07/2018;121
01/08/2018;118
02/08/2018;143
03/08/2018;135
04/08/2018;99
06/08/2018;142
07/08/2018;134
08/08/2018;139
09/08/2018;139
10/08/2018;74
11/08/2018;60
13/08/2018;117
14/08/2018;117
15/08/2018;134
16/08/2018;116
17/08/2018;125
18/08/2018;110
20/08/2018;137
21/08/2018;105
22/08/2018;116
23/08/2018;107
24/08/2018;117
25/08/2018;86
27/08/2018;130
28/08/2018;132
29/08/2018;109
30/08/2018;120
31/08/2018;114
01/09/2018;75
03/09/2018;123
04/09/2018;140
05/09/2018;157
06/09/2018;108
07/09/2018;133
08/09/2018;101
10/09/2018;154
11/09/2018;138
12/09/2018;157
13/09/2018;142
14/09/2018;125
15/09/2018;87
17/09/2018;123
18/09/2018;149
19/09/2018;137
20/09/2018;117
21/09/2018;117
22/09/2018;88
24/09/2018;104
25/09/2018;124
26/09/2018;146
27/09/2018;106
28/09/2018;114
29/09/2018;143
01/10/2018;154
02/10/2018;126
03/10/2018;142
04/10/2018;135
05/10/2018;108
06/10/2018;109
08/10/2018;65
09/10/2018;138
10/10/2018;131
11/10/2018;155
12/10/2018;94
13/10/2018;119
15/10/2018;132
16/10/2018;124
17/10/2018;161
18/10/2018;90
19/10/2018;144
20/10/2018;103
22/10/2018;140
23/10/2018;129
24/10/2018;118
25/10/2018;123
26/10/2018;111
27/10/2018;103
29/10/2018;163
30/10/2018;128
31/10/2018;131
01/11/2018;132
03/11/2018;80
05/11/2018;149
06/11/2018;126
07/11/2018;156
08/11/2018;113
09/11/2018;107
10/11/2018;99
12/11/2018;141
13/11/2018;144
14/11/2018;123
15/11/2018;129
16/11/2018;103
17/11/2018;129
19/11/2018;142
20/11/2018;117
21/11/2018;139
22/11/2018;124
23/11/2018;156
24/11/2018;103
26/11/2018;152
27/11/2018;158
28/11/2018;134
29/11/2018;114
30/11/2018;112
01/12/2018;155
03/12/2018;142
04/12/2018;152
05/12/2018;140
06/12/2018;131
07/12/2018;123
08/12/2018;143
10/12/2018;158
11/12/2018;112
12/12/2018;159
13/12/2018;174
14/12/2018;129
15/12/2018;121
17/12/2018;143
18/12/2018;121
19/12/2018;177
20/12/2018;164
21/12/2018;163
22/12/2018;129
24/12/2018;85
26/12/2018;117
27/12/2018;112
28/12/2018;135
29/12/2018;127
31/12/2018;29
02/01/2019;123
03/01/2019;115
04/01/2019;147
05/01/2019;119
07/01/2019;131
08/01/2019;94
09/01/2019;157
10/01/2019;118
11/01/2019;132
12/01/2019;101
14/01/2019;120
15/01/2019;127
16/01/2019;162
17/01/2019;171
18/01/2019;118
19/01/2019;131
21/01/2019;138
22/01/2019;125
23/01/2019;127
24/01/2019;127
25/01/2019;112
26/01/2019;108
28/01/2019;112
29/01/2019;119
30/01/2019;94
31/01/2019;111
01/02/2019;87
02/02/2019;109
04/02/2019;131
05/02/2019;116
06/02/2019;153
07/02/2019;96
08/02/2019;141
09/02/2019;115
11/02/2019;113
12/02/2019;110
13/02/2019;152
14/02/2019;143
15/02/2019;129
16/02/2019;94
18/02/2019;115
19/02/2019;127
20/02/2019;127
21/02/2019;154
22/02/2019;101
23/02/2019;81
25/02/2019;148
26/02/2019;110
27/02/2019;146
28/02/2019;93
01/03/2019;112
02/03/2019;165
06/03/2019;153
07/03/2019;129
08/03/2019;117
09/03/2019;107
11/03/2019;123
12/03/2019;146
13/03/2019;143
14/03/2019;149
15/03/2019;127
16/03/2019;88
18/03/2019;152
19/03/2019;137
20/03/2019;202
21/03/2019;137
22/03/2019;164
23/03/2019;134
25/03/2019;131
26/03/2019;120
27/03/2019;124
28/03/2019;137
29/03/2019;137
30/03/2019;107
01/04/2019;131
02/04/2019;152
03/04/2019;167
04/04/2019;132
05/04/2019;111
06/04/2019;93
08/04/2019;127
09/04/2019;138
10/04/2019;117
11/04/2019;126
12/04/2019;131
13/04/2019;98
15/04/2019;173
16/04/2019;137
17/04/2019;131
18/04/2019;117
20/04/2019;108
22/04/2019;117
23/04/2019;142
24/04/2019;136
25/04/2019;148
26/04/2019;95
27/04/2019;101
29/04/2019;134
30/04/2019;150
01/05/2019;97
02/05/2019;113
03/05/2019;113
04/05/2019;101
06/05/2019;129
07/05/2019;122
08/05/2019;121
09/05/2019;123
10/05/2019;137
11/05/2019;85
13/05/2019;112
14/05/2019;138
15/05/2019;152
16/05/2019;127
17/05/2019;148
18/05/2019;75
20/05/2019;164
21/05/2019;134
22/05/2019;118
23/05/2019;128
24/05/2019;143
25/05/2019;78
27/05/2019;117
28/05/2019;148
29/05/2019;159
30/05/2019;144
31/05/2019;152
01/06/2019;89
03/06/2019;147
04/06/2019;115
05/06/2019;121
06/06/2019;121
07/06/2019;115
08/06/2019;74
10/06/2019;130
11/06/2019;114
12/06/2019;137
13/06/2019;103
14/06/2019;107
15/06/2019;95
17/06/2019;100
18/06/2019;152
19/06/2019;128
20/06/2019;134
21/06/2019;116
22/06/2019;100
24/06/2019;166
25/06/2019;111
26/06/2019;157
27/06/2019;164
28/06/2019;121
29/06/2019;98
01/07/2019;129
02/07/2019;156
03/07/2019;119
04/07/2019;165
05/07/2019;145
06/07/2019;129
08/07/2019;132
09/07/2019;121
10/07/2019;148
11/07/2019;119
12/07/2019;111
13/07/2019;142
15/07/2019;134
16/07/2019;154
17/07/2019;157
18/07/2019;118
19/07/2019;113
20/07/2019;112
22/07/2019;131
23/07/2019;128
24/07/2019;142
25/07/2019;157
26/07/2019;99
27/07/2019;82
29/07/2019;152
30/07/2019;153
31/07/2019;148
01/08/2019;134
02/08/2019;127
03/08/2019;110
05/08/2019;120
06/08/2019;120
07/08/2019;125
08/08/2019;130
09/08/2019;85
10/08/2019;85
12/08/2019;141
13/08/2019;162
14/08/2019;142
15/08/2019;97
16/08/2019;140
17/08/2019;104
19/08/2019;135
20/08/2019;148
21/08/2019;120
22/08/2019;154
23/08/2019;121
24/08/2019;97
26/08/2019;148
27/08/2019;154
28/08/2019;144
29/08/2019;144
30/08/2019;123
31/08/2019;106
02/09/2019;117
03/09/2019;154
04/09/2019;126
05/09/2019;158
06/09/2019;154
07/09/2019;121
09/09/2019;139
10/09/2019;150
11/09/2019;180
12/09/2019;130
13/09/2019;130
14/09/2019;115
16/09/2019;119
17/09/2019;142
18/09/2019;140
19/09/2019;150
20/09/2019;132
21/09/2019;85
23/09/2019;156
24/09/2019;168
25/09/2019;175
26/09/2019;136
27/09/2019;151
28/09/2019;127
30/09/2019;145
01/10/2019;138
02/10/2019;138
03/10/2019;83
04/10/2019;135
05/10/2019;104
07/10/2019;114
08/10/2019;128
09/10/2019;134
10/10/2019;140
11/10/2019;122
12/10/2019;93
14/10/2019;136
15/10/2019;147
16/10/2019;153
17/10/2019;137
18/10/2019;146
19/10/2019;121
21/10/2019;161
22/10/2019;138
23/10/2019;143
24/10/2019;131
25/10/2019;150
26/10/2019;117
28/10/2019;145
29/10/2019;190
30/10/2019;101
31/10/2019;132
01/11/2019;123
04/11/2019;82
05/11/2019;130
06/11/2019;147
07/11/2019;163
08/11/2019;135
09/11/2019;116
11/11/2019;195
12/11/2019;175
13/11/2019;152
14/11/2019;197
15/11/2019;197
